scaffold_name,left_offset,right_offset,left_anchor_len,right_anchor_len,aid,score,min_overlap,ref_seq,seq,generated_by
lambda,2041,2441,150,150,2295,29870,144,CATCAATAAAACCTATACCCGCCGGAATGGTGCAGAAATGTCGATATCCCGTATCTGCTGGGATACTGGCGGGATTGACCCGACCATTGTGTATGAACGCTCGAAAAAACATGGGCTGTTCCGGGTGATCCCCATTAAAGGGGCATCCGTCTACGGAAAGCCGGTGGCCAGCATGCCACGTAAGCGAAACAAAAACGGGGTTTACCTTACCGAAATCGGTACGGATACCGCGAAAGAGCAGATTTATAACCGCTTCACACTGACGCCGGAAGGGGATGAACCGCTTCCCGGTGCCGTTCACTTCCCGAATAACCCGGATATTTTTGATCTGACCGAAGCGCAGCAGCTGACTGCTGAAGAGCAGGTCGAAAAATGGGTGGATGGCAGGAAAAAAATACTG,CATCAATAAAACCTATACCCGCCGGAATGGTGCAGAAATGTCGATATCCCGTATCTGCTGGGATACTGGCGGGATTGACCCGACCATTGTGTATGAACGCTCGAAAAAACATGGGCTGTTCCGGGTGATCCCCATTAAAGGGGCATCCGTCGCTTCACACTGACGCCGGAAGGGGATGAACCGCTTCCCGGTGCCGTTCACTTCCCGAATAACCCGGATATTTTTGATCTGACCGAAGCGCAGCAGCTGACTGCTGAAGAGCAGGTCGAAAAATGGGTGGATGGCAGGAAAAAAATACTG,PUSH
lambda,2041,2441,150,150,58320,29870,144,CATCAATAAAACCTATACCCGCCGGAATGGTGCAGAAATGTCGATATCCCGTATCTGCTGGGATACTGGCGGGATTGACCCGACCATTGTGTATGAACGCTCGAAAAAACATGGGCTGTTCCGGGTGATCCCCATTAAAGGGGCATCCGTCTACGGAAAGCCGGTGGCCAGCATGCCACGTAAGCGAAACAAAAACGGGGTTTACCTTACCGAAATCGGTACGGATACCGCGAAAGAGCAGATTTATAACCGCTTCACACTGACGCCGGAAGGGGATGAACCGCTTCCCGGTGCCGTTCACTTCCCGAATAACCCGGATATTTTTGATCTGACCGAAGCGCAGCAGCTGACTGCTGAAGAGCAGGTCGAAAAATGGGTGGATGGCAGGAAAAAAATACTG,CATCAATAAAACCTATACCCGCCGGAATGGTGCAGAAATGTCGATATCCCGTATCTGCTGGGATACTGGCGGGATTGACCCGACCATTGTGTATGAACGCTCGAAAAAACATGGGCTGTTCCGGGTGATCCCCATTAAAGGGGCATCCGTCGCTTCACACTGACGCCGGAAGGGGATGAACCGCTTCCCGGTGCCGTTCACTTCCCGAATAACCCGGATATTTTTGATCTGACCGAAGCGCAGCAGCTGACTGCTGAAGAGCAGGTCGAAAAATGGGTGGATGGCAGGAAAAAAATACTG,PUSH
lambda,2514,2819,150,150,2607,30490,145,TTTCCCGCTGGCAGCTGGATCTCAGTGCGCTGCTGGCGAGCCTGCAGGAAGAGGATGGTGCAGCAACCAACAAGAAAACACTGGCAGATTACGCCCGTGCCTTATCCGGAGAGGATGAATGACGCGACAGGAAGAACTTGCCGCTGCCCGTGCGGCACTGCATGACCTGATGACAGGTAAACGGGTGGCAACAGTACAGAAAGACGGACGAAGGGTGGAGTTTACGGCCACTTCCGTGTCTGACCTGAAAAAATATATTGCAGAGCTGGAAGTGCAGACCGGCATGACACAGCGACGCAGGGGAC,TTTCCCGCTGGCAGCTGGATCTCAGTGCGCTGCTGGCGAGCCTGCAGGAAGAGGATGGTGCAGCAACCAACAAGAAAACACTGGCAGATTACGCCCGTGCCTTATCCGGAGAGGATGAATGACGCGACAGGAAGAACTTGCCGCTGCCCGTGCAGGCACTGCATGACCTGATGACAGGTAAACGGGTGGCAACAGTACAGAAAGACGGACGAAGGGTGGAGTTTACGGCCACTTCCGTGTCTGACCTGAAAAAATATATTGCAGAGCTGGAAGTGCAGACCGGCATGACACAGCGACGCAGGGGAC,PUSH
lambda,2517,2819,147,150,58176,30230,145,CCCGCTGGCAGCTGGATCTCAGTGCGCTGCTGGCGAGCCTGCAGGAAGAGGATGGTGCAGCAACCAACAAGAAAACACTGGCAGATTACGCCCGTGCCTTATCCGGAGAGGATGAATGACGCGACAGGAAGAACTTGCCGCTGCCCGTGCGGCACTGCATGACCTGATGACAGGTAAACGGGTGGCAACAGTACAGAAAGACGGACGAAGGGTGGAGTTTACGGCCACTTCCGTGTCTGACCTGAAAAAATATATTGCAGAGCTGGAAGTGCAGACCGGCATGACACAGCGACGCAGGGGAC,CCCGCTGGCAGCTGGATCTCAGTGCGCTGCTGGCGAGCCTGCAGGAAGAGGATGGTGCAGCAACCAACAAGAAAACACTGGCAGATTACGCCCGTGCCTTATCCGGAGAGGATGAATGACGCGACAGGAAGAACTTGCCGCTGCCCGTGCAGGCACTGCATGACCTGATGACAGGTAAACGGGTGGCAACAGTACAGAAAGACGGACGAAGGGTGGAGTTTACGGCCACTTCCGTGTCTGACCTGAAAAAATATATTGCAGAGCTGGAAGTGCAGACCGGCATGACACAGCGACGCAGGGGAC,PUSH
lambda,5746,6047,150,150,6186,28670,145,ATGACGAGCAAAGAAACCTTTACCCATTACCAGCCGCAGGGCAACAGTGACCCGGCTCATACCGCAACCGCGCCCGGCGGATTGAGTGCGAAAGCGCCTGCAATGACCCCGCTGATGCTGGACACCTCCAGCCGTAAGCTGGTTGCGTGGGATGGCACCACCGACGGTGCTGCCGTTGGCATTCTTGCGGTTGCTGCTGACCAGACCAGCACCACGCTGACGTTCTACAAGTCCGGCACGTTCCGTTATGAGGATGTGCTCTGGCCGGAGGCTGCCAGCGACGAGACGAAAAAACGGACCG,ATGACGAGCAAAGAAACCTTTACCCATTACCAGCCGCAGGGCAACAGTGACCCGGCTCATACCGCAACCGCGCCCGGCGGATTGAGTGCGAAAGCGCCTGCAATGACCCCGCTGATGCTGGACACCTCCAGCCGTAAGCTGGTTGCGTGGAATGGCACCACCGACGGTGCTGCCGTTGGCATTCTTGCGGTTGCTGCTGACCAGACCAGCACCACGCTGACGTTCTACAAGTCCGGCACGTTCCGTTATGAGGATGTGCTCTGGCCGGAGGCTGCCAGCGACGAGACGAAAAAACGGACCG,PUSH
lambda,5746,6047,150,150,56244,28540,145,ATGACGAGCAAAGAAACCTTTACCCATTACCAGCCGCAGGGCAACAGTGACCCGGCTCATACCGCAACCGCGCCCGGCGGATTGAGTGCGAAAGCGCCTGCAATGACCCCGCTGATGCTGGACACCTCCAGCCGTAAGCTGGTTGCGTGGGATGGCACCACCGACGGTGCTGCCGTTGGCATTCTTGCGGTTGCTGCTGACCAGACCAGCACCACGCTGACGTTCTACAAGTCCGGCACGTTCCGTTATGAGGATGTGCTCTGGCCGGAGGCTGCCAGCGACGAGACGAAAAAACGGACCG,ATGACGAGCAAAGAAACCTTTACCCATTACCAGCCGCAGGGCAACAGTGACCCGGCTCATACCGCAACCGCGCCCGGCGGATTGAGTGCGAAAGCGCCTGCAATGACCCCGCTGATGCTGGACACCTCCAGCCGTAAGCTGGTTGCGTGGAATGGCACCACCGACGGTGCTGCCGTTGGCATTCTTGCGGTTGCTGCTGACCAGACCAGCACCACGCTGACGTTCTACAAGTCCGGCACGTTCCGTTATGAGGATGTGCTCTGGCCGGAGGCTGCCAGCGACGAGACGAAAAAACGGACCG,PUSH
lambda,6996,7297,150,150,7478,27560,143,TTCAGGATGCGGACGCACAGCGCGAAGGCATTAACGCCTCTGCCCGTTACCCGAAAAACTGGGTGACCACCGGCGATCCGGCGCGTGAGTTCACCATGATTCAGTCAGCACCGCTGATGCTGCTGGCTGACCCTGATGAGTTCGTGTCCGTACAACTGGCGTAATCATGGCCCTTCGGGGCCATTGTTTCTCTGTGGAGGAGTCCATGACGAAAGATGAACTGATTGCCCGTCTCCGCTCGCTGGGTGAACAACTGAACCGTGATGTCAGCCTGACGGGGACGAAAGAAGAACTGGCGCTC,TTCAGGATGCGGACGCACAGCGCGAAGGCATTAACGCCTCTGCCCGTTACCCGAAAAACTGGGTGACCACCGGCGATCCGGCGCGTGAGTTCACCATGATTCAGTCAGCACCGCTGATGCTGCTGGCTGACCCTGATGAGTTCGTGTCCGTATACAACTGGCGTAATCATGGCCCTTCGGGGCCATTGTTTCTCTGTGGAGGAGTCCATGACGAAAGATGAACTGATTGCCCGTCTCCGCTCGCTGGGTGAACAACTGAACCGTGATGTCAGCCTGACGGGGACGAAAGAAGAACTGGCGCTC,PUSH
lambda,6996,7297,150,150,55540,27560,143,TTCAGGATGCGGACGCACAGCGCGAAGGCATTAACGCCTCTGCCCGTTACCCGAAAAACTGGGTGACCACCGGCGATCCGGCGCGTGAGTTCACCATGATTCAGTCAGCACCGCTGATGCTGCTGGCTGACCCTGATGAGTTCGTGTCCGTACAACTGGCGTAATCATGGCCCTTCGGGGCCATTGTTTCTCTGTGGAGGAGTCCATGACGAAAGATGAACTGATTGCCCGTCTCCGCTCGCTGGGTGAACAACTGAACCGTGATGTCAGCCTGACGGGGACGAAAGAAGAACTGGCGCTC,TTCAGGATGCGGACGCACAGCGCGAAGGCATTAACGCCTCTGCCCGTTACCCGAAAAACTGGGTGACCACCGGCGATCCGGCGCGTGAGTTCACCATGATTCAGTCAGCACCGCTGATGCTGCTGGCTGACCCTGATGAGTTCGTGTCCGTATACAACTGGCGTAATCATGGCCCTTCGGGGCCATTGTTTCTCTGTGGAGGAGTCCATGACGAAAGATGAACTGATTGCCCGTCTCCGCTCGCTGGGTGAACAACTGAACCGTGATGTCAGCCTGACGGGGACGAAAGAAGAACTGGCGCTC,PUSH
lambda,9342,9646,150,150,53409,30550,143,CGGTGACGGCGAAGGAAGTGATCACCCGCACGGTGAAAGTCACCAATGTGGGACGTCCGTCGATGGCAGAAGATCGCAGCACGGTAACAGCGGCAACCGGCATGACCGTGACGCCTGCCAGCACCTCGGTGGTGAAAGGGCAGAGCACCACGCTGACCGTGGCCTTCCAGCCGGAGGGCGTAACCGACAAGAGCTTTCGTGCGGTGTCTGCGGATAAAACAAAAGCCACCGTGTCGGTCAGTGGTATGACCATCACCGTGAACGGCGTTGCTGCAGGCAAGGTCAACATTCCGGTTGTATCCGG,CGGTGACGGCGAAGGAAGTGATCACCCGCACGGTGAAAGTCACCAATGTGGGACGTCCGTCGATGGCAGAAGATCGCAGCACGGTAACAGCGGCAACCGGCATGACCGTGACGCCTGCCAGCACCTCGGTGGTGAAAGGGCAGAGCACCACGGTGACCGTGGCCTTCCAGCCGGAGGGCGTAACCGACAAGAGCTTTCGTGCGGTGTCTGCGGATAAAACAAAAGCCACCGTGTCGGTCAGTGGTATGACCATCACCGTGAACGGCGTTGCTGCAGGCAAGGTCAACATTCCGGTTGTATCCGG,PUSH
lambda,9345,9646,148,150,10027,30030,143,TGACGGCGAAGGAAGTGATCACCCGCACGGTGAAAGTCACCAATGTGGGACGTCCGTCGATGGCAGAAGATCGCAGCACGGTAACAGCGGCAACCGGCATGACCGTGACGCCTGCCAGCACCTCGGTGGTGAAAGGGCAGAGCACCACGCTGACCGTGGCCTTCCAGCCGGAGGGCGTAACCGACAAGAGCTTTCGTGCGGTGTCTGCGGATAAAACAAAAGCCACCGTGTCGGTCAGTGGTATGACCATCACCGTGAACGGCGTTGCTGCAGGCAAGGTCAACATTCCGGTTGTATCCGG,TGACGGCGAAGGAAGTGATCACCCGCACGGTGAAAGTCACCAATGTGGGACGTCCGTCGATGGCAGAAGATCGCAGCACGGTAACAGCGGCAACCGGCATGACCGTGACGCCTGCCAGCACCTCGGTGGTGAAAGGGCAGAGCACCACGGTGACCGTGGCCTTCCAGCCGGAGGGCGTAACCGACAAGAGCTTTCGTGCGGTGTCTGCGGATAAAACAAAAGCCACCGTGTCGGTCAGTGGTATGACCATCACCGTGAACGGCGTTGCTGCAGGCAAGGTCAACATTCCGGTTGTATCCGG,PUSH
lambda,24154,24457,150,150,26983,31820,144,GGTAGAGCCGCAGACACGTCGTATGCAGGAACGTGCTGCGGCTGGCTGGTGAACTTCCGATAGTGCGGGTGTTGAATGATTTCCAGTTGCTACCGATTTTACATATTTTTTGCATGAGAGAATTTGTACCACCTCCCACCGACCATCTATGACTGTACGCCACTGTCCCTAGGACTGCTATGTGCCGGAGCGGACATTACAAACGTCCTTCTCGGTGCATGCCACTGTTGCCAATGACCTGCCTAGGAATTGGTTAGCAAGTTACTACCGGATTTTGTAAAAACAGCCCTCCTCATATAAAAA,GGTAGAGCCGCAGACACGTCGTATGCAGGAACGTGCTGCGGCTGGCTGGTGAACTTCCGATAGTGCGGGTGTTGAATGATTTCCAGTTGCTACCGATTTTACATATTTTTTGCATGAGAGAATTTGTACCACCTCCCACCGACCATCTATCTGTACGCCACTGTCCCTAGGACTGCTATGTGCCGGAGCGGACATTACAAACGTCCTTCTCGGTGCATGCCACTGTTGCCAATGACCTGCCTAGGAATTGGTTAGCAAGTTACTACCGGATTTTGTAAAAACAGCCCTCCTCATATAAAAA,PUSH
lambda,24154,24454,150,148,33177,31430,144,GGTAGAGCCGCAGACACGTCGTATGCAGGAACGTGCTGCGGCTGGCTGGTGAACTTCCGATAGTGCGGGTGTTGAATGATTTCCAGTTGCTACCGATTTTACATATTTTTTGCATGAGAGAATTTGTACCACCTCCCACCGACCATCTATGACTGTACGCCACTGTCCCTAGGACTGCTATGTGCCGGAGCGGACATTACAAACGTCCTTCTCGGTGCATGCCACTGTTGCCAATGACCTGCCTAGGAATTGGTTAGCAAGTTACTACCGGATTTTGTAAAAACAGCCCTCCTCATATAA,GGTAGAGCCGCAGACACGTCGTATGCAGGAACGTGCTGCGGCTGGCTGGTGAACTTCCGATAGTGCGGGTGTTGAATGATTTCCAGTTGCTACCGATTTTACATATTTTTTGCATGAGAGAATTTGTACCACCTCCCACCGACCATCTATCTGTACGCCACTGTCCCTAGGACTGCTATGTGCCGGAGCGGACATTACAAACGTCCTTCTCGGTGCATGCCACTGTTGCCAATGACCTGCCTAGGAATTGGTTAGCAAGTTACTACCGGATTTTGTAAAAACAGCCCTCCTCATATAA,PUSH
lambda,30128,30429,150,150,33726,36400,143,AACACCTTCGTAATACTCACGCTGCTCGTTGAGTTTTGATTTTGCTGTTTCAAGCTCAACACGCAGTTTCCCTACTGTTAGCGCAATATCCTCGTTCTCCTGGTCGCGGCGTTTGATGTATTGCTGGTTTCTTTCCCGTTCATCCAGCAGTTCCAGCACAATCGATGGTGTTACCAATTCATGGAAAAGGTCTGCGTCAAATCCCCAGTCGTCATGCATTGCCTGCTCTGCCGCTTCACGCAGTGCCTGAGAGTTAATTTCGCTCACTTCGAACCTCTCTGTTTACTGATAAGTTCCAGAT,AACACCTTCGTAATACTCACGCTGCTCGTTGAGTTTTGATTTTGCTGTTTCAAGCTCAACACGCAGTTTCCCTACTGTTAGCGCAATATCCTCGTTCTCCTGGTCGCGGCGTTTGATGTATTGCTGGTTTCTTTCCCGTTCATCCAGCAGGCCTAGGCGGGAACGTGGGCCATGGTGGCTGCCGCATGTACTGGCGATTGATCCTCCTGCAACCTGAAGGGACGGCCGCGGGAACGTCTCCGATAATGAAGGCTTGCACTCATATACTATCCAAGCCACGGGTGATACACCCGTGGCACTAAGAACGTTATAGAGAACCTATCTTTCGGGGATGGGCCTATTGCGTCTAACATAGACACTTTAAGGCTAATGAAGTTTGTAGCTAAGACCGCTGGGGAGTGAATAGCGGGACACGAATGGTCGGGAAGCAAAACGAAACGGAGGATTCTCTTCCAGCACAATCGATGGTGTTACCAATTCATGGAAAAGGTCTGCGTCAAATCCCCAGTCGTCATGCATTGCCTGCTCTGCCGCTTCACGCAGTGCCTGAGAGTTAATTTCGCTCACTTCGAACCTCTCTGTTTACTGATAAGTTCCAGAT,PUSH
lambda,30129,30429,149,150,25052,36400,143,ACACCTTCGTAATACTCACGCTGCTCGTTGAGTTTTGATTTTGCTGTTTCAAGCTCAACACGCAGTTTCCCTACTGTTAGCGCAATATCCTCGTTCTCCTGGTCGCGGCGTTTGATGTATTGCTGGTTTCTTTCCCGTTCATCCAGCAGTTCCAGCACAATCGATGGTGTTACCAATTCATGGAAAAGGTCTGCGTCAAATCCCCAGTCGTCATGCATTGCCTGCTCTGCCGCTTCACGCAGTGCCTGAGAGTTAATTTCGCTCACTTCGAACCTCTCTGTTTACTGATAAGTTCCAGAT,ACACCTTCGTAATACTCACGCTGCTCGTTGAGTTTTGATTTTGCTGTTTCAAGCTCAACACGCAGTTTCCCTACTGTTAGCGCAATATCCTCGTTCTCCTGGTCGCGGCGTTTGATGTATTGCTGGTTTCTTTCCCGTTCATCCAGCAGGCCTAGGCGGGAACGTGGGCCATGGTGGCTGCCGCATGTACTGGCGATTGATCCTCCTGCAACCTGAAGGGACGGCCGCGGGAACGTCTCCGATAATGAAGGCTTGCACTCATATACTATCCAAGCCACGGGTGATACACCCGTGGCACTAAGAACGTTATAGAGAACCTATCTTTCGGGGATGGGCCTATTGCGTCTAACATAGACACTTTAAGGCTAATGAAGTTTGTAGCTAAGACCGCTGGGGAGTGAATAGCGGGACACGAATGGTCGGGAAGCAAAACGAAACGGAGGATTCTCTTCCAGCACAATCGATGGTGTTACCAATTCATGGAAAAGGTCTGCGTCAAATCCCCAGTCGTCATGCATTGCCTGCTCTGCCGCTTCACGCAGTGCCTGAGAGTTAATTTCGCTCACTTCGAACCTCTCTGTTTACTGATAAGTTCCAGAT,PUSH
lambda,37594,37895,150,150,14706,31330,143,AGAACATCCCTGCCTGAACATGAGAAAAAACAGGGTACTCATACTCACTTCTAAGTGACGGCTGCATACTAACCGCTTCATACATCTCGTAGATTTCTCTGGCGATTGAAGGGCTAAATTCTTCAACGCTAACTTTGAGAATTTTTGCAAGCAATGCGGCGTTATAAGCATTTAATGCATTGATGCCATTAAATAAAGCACCAACGCCTGACTGCCCCATCCCCATCTTGTCTGCGACAGATTCCTGGGATAAGCCAAGTTCATTTTTCTTTTTTTCATAAATTGCTTTAAGGCGACGTGC,AGAACATCCCTGCCTGAACATGAGAAAAAACAGGGTACTCATACTCACTTCTAAGTGACGGCTGCATACTAACCGCTTCATACATCTCGTAGATTTCTCTGGCGATTGAAGGGCTAAATTCTTCAACGCTAACTTTGAGAATTTTTGCAACAATGCGGCGTTATAAGCATTTAATGCATTGATGCCATTAAATAAAGCACCAACGCCTGACTGCCCCATCCCCATCTTGTCTGCGACAGATTCCTGGGATAAGCCAAGTTCATTTTTCTTTTTTTCATAAATTGCTTTAAGGCGACGTGC,PUSH
lambda,37594,37895,150,150,42310,31330,143,AGAACATCCCTGCCTGAACATGAGAAAAAACAGGGTACTCATACTCACTTCTAAGTGACGGCTGCATACTAACCGCTTCATACATCTCGTAGATTTCTCTGGCGATTGAAGGGCTAAATTCTTCAACGCTAACTTTGAGAATTTTTGCAAGCAATGCGGCGTTATAAGCATTTAATGCATTGATGCCATTAAATAAAGCACCAACGCCTGACTGCCCCATCCCCATCTTGTCTGCGACAGATTCCTGGGATAAGCCAAGTTCATTTTTCTTTTTTTCATAAATTGCTTTAAGGCGACGTGC,AGAACATCCCTGCCTGAACATGAGAAAAAACAGGGTACTCATACTCACTTCTAAGTGACGGCTGCATACTAACCGCTTCATACATCTCGTAGATTTCTCTGGCGATTGAAGGGCTAAATTCTTCAACGCTAACTTTGAGAATTTTTGCAACAATGCGGCGTTATAAGCATTTAATGCATTGATGCCATTAAATAAAGCACCAACGCCTGACTGCCCCATCCCCATCTTGTCTGCGACAGATTCCTGGGATAAGCCAAGTTCATTTTTCTTTTTTTCATAAATTGCTTTAAGGCGACGTGC,PUSH
